INSERT INTO holidays_ru (dt,holiday_name) VALUES
	 ('2000-01-01','Новогодние каникулы (праздничные дни)'),
	 ('2000-01-02','Новогодние каникулы (праздничные дни)'),
	 ('2000-01-03','Новогодние каникулы (праздничные дни)'),
	 ('2000-01-04','Новогодние каникулы (праздничные дни)'),
	 ('2000-01-05','Новогодние каникулы (праздничные дни)'),
	 ('2000-01-06','Новогодние каникулы (праздничные дни)'),
	 ('2000-01-07','Рождество Христово (праздничный день)'),
	 ('2000-01-08','Новогодние каникулы (праздничные дни)'),
	 ('2000-01-12','День работника прокуратуры Российской Федерации'),
	 ('2000-01-13','День российской печати'),
	 ('2000-01-14','День трубопроводных войск'),
	 ('2000-01-21','День инженерных войск (памятный день)'),
	 ('2000-01-25','Татьянин день (День российского студенчества)'),
	 ('2000-01-27','День снятия блокады города Ленинграда (день воинской славы России)'),
	 ('2000-02-02','День разгрома советскими войсками немецко-фашистских войск в Сталинградской битве (день воинской славы России)'),
	 ('2000-02-08','День российской науки'),
	 ('2000-02-08','Международный день стоматолога'),
	 ('2000-02-09','День работника гражданской авиации'),
	 ('2000-02-10','День дипломатического работника'),
	 ('2000-02-15','День памяти воинов-интернационалистов (День памяти о россиянах, исполнявших служебный долг за пределами Отечества) (памятная дата)'),
	 ('2000-02-17','День российских студенческих отрядов'),
	 ('2000-02-23','День защитника Отечества (праздничный день)'),
	 ('2000-02-27','День Сил специальных операций'),
	 ('2000-03-01','День эксперта-криминалиста'),
	 ('2000-03-01','Всемирный день Гражданской обороны'),
	 ('2000-03-08','Международный женский день (праздничный день)'),
	 ('2000-03-11','День работника органов наркоконтроля'),
	 ('2000-03-12','День работников уголовно-исполнительной системы Минюста'),
	 ('2000-03-18','День воссоединения Крыма и России.'),
	 ('2000-03-19','День моряка-подводника'),
	 ('2000-03-23','День работников гидрометеорологической службы России'),
	 ('2000-03-25','День работника культуры России'),
	 ('2000-03-27','День войск национальной гвардии Российской Федерации'),
	 ('2000-03-29','День специалиста юридической службы'),
	 ('2000-04-01','День смеха'),
	 ('2000-04-02','День единения народов (праздничный день)'),
	 ('2000-04-08','День сотрудников военных коммиссариатов'),
	 ('2000-04-08','День российской анимации'),
	 ('2000-04-12','День космонавтики (памятная дата)'),
	 ('2000-04-15','День специалиста по радиоэлектронной борьбе'),
	 ('2000-04-18','День победы русских воинов князя Александра Невского над немецкими рыцарями на Чудском озере (Ледовое побоище) (День воинской славы России)'),
	 ('2000-04-19','День российской полиграфии'),
	 ('2000-04-19','День принятия Крыма, Тамани и Кубани в состав Российской империи'),
	 ('2000-04-21','День местного самоуправления'),
	 ('2000-04-26','День памяти погибших в радиационных авариях и катастрофах'),
	 ('2000-04-26','День нотариата'),
	 ('2000-04-27','День российского парламентаризма'),
	 ('2000-04-28','День работника скорой медицинской помощи'),
	 ('2000-04-28','Международный день охраны труда'),
	 ('2000-04-30','День пожарной охраны'),
	 ('2000-05-01','Праздник Весны и Труда (праздничный день)'),
	 ('2000-05-07','День радио, праздник работников всех отраслей связи'),
	 ('2000-05-07','День Президентского полка'),
	 ('2000-05-09','День Победы (праздничный день, день воинской славы России)'),
	 ('2000-05-20','Всемирный день метрологии'),
	 ('2000-05-20','Всемирный день врача-травматолога'),
	 ('2000-05-21','День полярника'),
	 ('2000-05-24','День славянской письменности и культуры (День святых Кирилла и Мефодия) (праздничный день)'),
	 ('2000-05-24','День кадрового работника (День кадровика)'),
	 ('2000-05-25','День филолога'),
	 ('2000-05-26','День российского предпринимательства'),
	 ('2000-05-27','Общероссийский день библиотек'),
	 ('2000-05-28','День пограничника'),
	 ('2000-05-29','День военного автомобилиста'),
	 ('2000-05-31','День российской адвокатуры'),
	 ('2000-06-01','Международный день защиты детей (международный праздник)'),
	 ('2000-06-02','День спутникового мониторинга и навигации'),
	 ('2000-06-05','День эколога'),
	 ('2000-06-06','Пушкинский день России (праздничный день)'),
	 ('2000-06-06','День русского языка'),
	 ('2000-06-08','День социального работника'),
	 ('2000-06-09','День группы советских войск в Германии (День ГСВГ)'),
	 ('2000-06-12','День России (государственный праздничный день)[42]'),
	 ('2000-06-14','День работников миграционной службы'),
	 ('2000-06-18','День службы военных сообщений'),
	 ('2000-06-22','День памяти и скорби — день начала Великой Отечественной войны (1941 год) (памятная дата)'),
	 ('2000-06-25','День работника статистики'),
	 ('2000-06-27','День молодёжи (праздничный день)'),
	 ('2000-06-29','День партизан и подпольщиков (памятная дата)'),
	 ('2000-06-29','День кораблестроителя'),
	 ('2000-06-30','День экономиста'),
	 ('2000-07-03','День ГАИ (ГИБДД МВД РФ)'),
	 ('2000-07-07','День победы русского флота над турецким флотом в Чесменском сражении (День воинской славы России)'),
	 ('2000-07-08','День семьи, любви и верности (всероссийский праздник)'),
	 ('2000-07-10','День победы русской армии под командованием Петра Первого над шведами в Полтавском сражении (день воинской славы России)'),
	 ('2000-07-17','День этнографа'),
	 ('2000-07-25','День сотрудника органов следствия Российской Федерации'),
	 ('2000-07-28','День крещения Руси (памятная дата)'),
	 ('2000-08-01','День Тыла Вооружённых Сил Российской Федерации (памятный день)'),
	 ('2000-08-01','День памяти российских воинов, погибших в Первой мировой войне 1914—1918 годов'),
	 ('2000-08-01','День памяти пожарных, погибших при исполнении служебного долга.'),
	 ('2000-08-02','День Воздушно-десантных войск (памятный день)'),
	 ('2000-08-06','День железнодорожных войск (памятный день)'),
	 ('2000-08-09','День первой в российской истории морской победы русского флота под командованием Петра Первого над шведами у мыса Гангут (1714 год) (день воинской славы России)'),
	 ('2000-08-12','День Военно-воздушных сил (памятный день)[15]'),
	 ('2000-08-15','День археолога'),
	 ('2000-08-18','День географа'),
	 ('2000-08-22','День Государственного флага Российской Федерации (праздничный день)'),
	 ('2000-08-23','День разгрома советскими войсками немецко-фашистских войск в Курской битве (день воинской славы России)'),
	 ('2000-08-27','День кино'),
	 ('2000-08-31','День ветеринарного работника'),
	 ('2000-09-01','День знаний (праздничный день)'),
	 ('2000-09-02','День российской гвардии (памятный день)'),
	 ('2000-09-03','День окончания Второй мировой войны (день воинской славы России)'),
	 ('2000-09-03','День солидарности в борьбе с терроризмом (памятная дата)'),
	 ('2000-09-04','День специалиста по ядерному обеспечению'),
	 ('2000-09-08','День Бородинского сражения русской армии под командованием М. И. Кутузова с французской армией (день воинской славы России)'),
	 ('2000-09-08','День финансиста'),
	 ('2000-09-09','День тестировщика'),
	 ('2000-09-11','День победы русской эскадры под командованием Ф. Ф. Ушакова над турецкой эскадрой у мыса Тендра (день воинской славы России)'),
	 ('2000-09-13','День программиста'),
	 ('2000-09-19','День оружейника'),
	 ('2000-09-21','День победы русских полков во главе с великим князем Дмитрием Донским над монголо-татарскими войсками в Куликовской битве (день воинской славы России)'),
	 ('2000-09-21','День зарождения российской государственности'),
	 ('2000-09-24','День системного аналитика'),
	 ('2000-09-27','Всемирный день туризма'),
	 ('2000-09-27','День воспитателя и всех дошкольных работников'),
	 ('2000-09-28','День работника атомной промышленности'),
	 ('2000-09-30','День переводчика'),
	 ('2000-10-01','День пожилых людей (праздничный день)'),
	 ('2000-10-01','День Сухопутных войск (памятный день)'),
	 ('2000-10-02','День метростроителя'),
	 ('2000-10-04','День космических войск (памятный день)'),
	 ('2000-10-04','День войск гражданской обороны Российской Федерации'),
	 ('2000-10-05','День учителя'),
	 ('2000-10-06','День российского страховщика'),
	 ('2000-10-09','День разгрома советскими войсками немецко-фашистских войск в битве за Кавказ (1943 год) (День воинской славы России)'),
	 ('2000-10-19','Всероссийский день лицеиста'),
	 ('2000-10-20','День военного связиста'),
	 ('2000-10-22','День финансово-экономической службы (памятный день Вооружённых Сил Российской Федерации)'),
	 ('2000-10-23','День работников рекламы'),
	 ('2000-10-24','День подразделений специального назначения (памятный день)'),
	 ('2000-10-25','День таможенника Российской Федерации'),
	 ('2000-10-29','День вневедомственной охраны'),
	 ('2000-10-30','День памяти жертв политических репрессий'),
	 ('2000-10-30','День инженера-механика'),
	 ('2000-10-31','День работников СИЗО и тюрем'),
	 ('2000-11-01','День менеджера'),
	 ('2000-11-01','День судебного пристава Российской Федерации'),
	 ('2000-11-04','День народного единства (праздничный день, день воинской славы России)'),
	 ('2000-11-05','День военного разведчика[15]'),
	 ('2000-11-07','День проведения военного парада на Красной площади в Москве в ознаменование двадцать четвёртой годовщины Великой Октябрьской социалистической революции (день воинской славы России)'),
	 ('2000-11-07','Годовщина Великой Октябрьской социалистической революции (памятная дата)'),
	 ('2000-11-09','День специального отряда быстрого реагирования'),
	 ('2000-11-10','День сотрудника органов внутренних дел Российской Федерации'),
	 ('2000-11-11','День экономиста'),
	 ('2000-11-13','День войск радиационной, химической и биологической защиты (памятный день)'),
	 ('2000-11-14','День социолога'),
	 ('2000-11-16','День самбо'),
	 ('2000-11-19','День ракетных войск и артиллерии (памятный день)'),
	 ('2000-11-19','Международный мужской день'),
	 ('2000-11-20','День работника транспорта'),
	 ('2000-11-21','День работника налоговых органов Российской Федерации'),
	 ('2000-11-22','День психолога'),
	 ('2000-11-27','День оценщика'),
	 ('2000-11-27','День морской пехоты'),
	 ('2000-11-30','Международный день защиты информации'),
	 ('2000-12-01','День победы русской эскадры под командованием П. С. Нахимова над турецкой эскадрой у мыса Синоп (1853 год) (день воинской славы России)'),
	 ('2000-12-03','День Неизвестного Солдата (памятная дата)'),
	 ('2000-12-03','День юриста'),
	 ('2000-12-05','День начала контрнаступления советских войск против немецко-фашистских войск в битве под Москвой (1941 год) (день воинской славы России)'),
	 ('2000-12-05','День добровольца (волонтёра)'),
	 ('2000-12-09','День Героев Отечества (памятная дата)'),
	 ('2000-12-12','День Конституции Российской Федерации (государственный праздник, памятная дата)'),
	 ('2000-12-17','День Ракетных войск стратегического назначения (памятный день)[15]'),
	 ('2000-12-18','День работника органов ЗАГС'),
	 ('2000-12-19','День работника военной контрразведки Российской Федерации'),
	 ('2000-12-20','День работника органов безопасности Российской Федерации'),
	 ('2000-12-22','День энергетика'),
	 ('2000-12-24','День взятия турецкой крепости Измаил русскими войсками под командованием А. В. Суворова (день воинской славы России)'),
	 ('2000-12-27','День спасателя Российской Федерации');

INSERT INTO holidays_iso (dt,holiday_name) VALUES
	 ('2000-01-01','Новый год'),
	 ('2000-01-03','День рождения соломинки для коктейлей'),
	 ('2000-01-04','День Ньютона'),
	 ('2000-01-05','Международный разгрузочный день'),
	 ('2000-01-11','Международный день «спасибо»'),
	 ('2000-01-14','Старый Новый год'),
	 ('2000-01-16','День Ледовара'),
	 ('2000-01-17','День детских изобретений'),
	 ('2000-01-21','Всемирный день религии'),
	 ('2000-01-23','День ручного письма (День почерка)'),
	 ('2000-01-25','День студентов (Татьянин день)'),
	 ('2000-01-26','Международный день таможенника'),
	 ('2000-01-28','Международный день БЕЗ интернета'),
	 ('2000-01-29','День мобилизации против угрозы ядерной войны'),
	 ('2000-02-01','Всемирный день хиджаба'),
	 ('2000-02-04','День рождения резиновых калош'),
	 ('2000-02-05','Всемирный день Нутеллы'),
	 ('2000-02-11','Всемирный день больного'),
	 ('2000-02-14','День компьютерщика'),
	 ('2000-02-16','Новый год по лунному календарю'),
	 ('2000-02-17','День спонтанного проявления доброты'),
	 ('2000-02-21','Всемирный день экскурсовода'),
	 ('2000-02-26','Всемирный день неторопливости'),
	 ('2000-02-28','Международный день редких заболеваний'),
	 ('2000-02-02','Всемирный день водно-болотных угодий'),
	 ('2000-02-06','Международный день бармена'),
	 ('2000-02-09','Международный день стоматолога'),
	 ('2000-02-12','День Дарвина (Международный День науки и гуманизма)'),
	 ('2000-02-13','Всемирный день радио'),
	 ('2000-02-15','Международный день детей), больных раком'),
	 ('2000-02-19','Всемирный день защиты морских млекопитающих (День кита)'),
	 ('2000-02-22','Международный день поддержки жертв преступлений'),
	 ('2000-02-27','Международный день полярного медведя'),
	 ('2000-03-01','Праздник прихода весны'),
	 ('2000-03-03','Международный день охраны здоровья уха и слуха'),
	 ('2000-03-04','Международный день детского телевидения и радиовещания'),
	 ('2000-03-11','Международный день планетариев'),
	 ('2000-03-14','Международный день числа «Пи»'),
	 ('2000-03-16','Всемирный день сна'),
	 ('2000-03-17','День святого Патрика'),
	 ('2000-03-21','День матери в арабских странах'),
	 ('2000-03-26','Фиолетовый день (День больных эпилепсией)'),
	 ('2000-03-02','Международный день спички'),
	 ('2000-03-06','Международный день зубного врача'),
	 ('2000-03-09','Всемирный день ди-джея'),
	 ('2000-03-12','День Содружества наций'),
	 ('2000-03-15','Международный день защиты бельков'),
	 ('2000-03-19','Международный день клиента'),
	 ('2000-03-22','Международный день таксиста'),
	 ('2000-03-27','Всемирный день театра'),
	 ('2000-03-08','Международный женский день'),
	 ('2000-03-18','День Парижской коммуны'),
	 ('2000-03-20','Международный день без мяса'),
	 ('2000-03-24','Час Земли'),
	 ('2000-03-31','Международный день резервного копирования (День бэкапа)'),
	 ('2000-04-01','День геолога в России'),
	 ('2000-04-03','Всемирный день вечеринки'),
	 ('2000-04-04','Всемирный день крысы'),
	 ('2000-04-05','Международный день супа'),
	 ('2000-04-11','Международный день освобождения узников фашистских концлагерей'),
	 ('2000-04-14','Тотальный диктант'),
	 ('2000-04-17','Всемирный день гемофилии'),
	 ('2000-04-21','Международный день цирка'),
	 ('2000-04-25','Всемирный день пингвинов'),
	 ('2000-04-28','Международный день ветеринарного врача'),
	 ('2000-04-29','Всемирный день породненных городов'),
	 ('2000-04-02','Международный день детской книги'),
	 ('2000-04-06','Всемирный день настольного тенниса'),
	 ('2000-04-12','Всемирный день авиации и космонавтики (Международный день полета человека в космос)'),
	 ('2000-04-13','Всемирный день рок-н-ролла'),
	 ('2000-04-15','День экологических знаний'),
	 ('2000-04-19','День подснежника'),
	 ('2000-04-22','Марш парков'),
	 ('2000-04-08','Международный день цыган'),
	 ('2000-04-18','Всемирный день радиолюбителя'),
	 ('2000-04-24','Всемирный день защиты лабораторных животных'),
	 ('2000-04-10','Международный день движения сопротивления'),
	 ('2000-04-30','Вальпургиева ночь'),
	 ('2000-05-01','Всемирный день борьбы с астмой'),
	 ('2000-05-03','Всемирный день Солнца'),
	 ('2000-05-04','День Звездных войн'),
	 ('2000-05-05','Международный день акушерки'),
	 ('2000-05-16','День биографов'),
	 ('2000-05-17','Международный день борьбы с гомофобией'),
	 ('2000-05-23','Всемирный день черепахи'),
	 ('2000-05-25','Всемирный день щитовидной железы'),
	 ('2000-05-29','Всемирный день здорового пищеварения'),
	 ('2000-05-09','День Европы'),
	 ('2000-05-12','День экологического образования'),
	 ('2000-05-13','День матери'),
	 ('2000-05-15','Международный день отказника'),
	 ('2000-05-27','День химика'),
	 ('2000-05-08','Всемирный День Красного Креста и Красного Полумесяца'),
	 ('2000-05-18','День Розовой Пантеры'),
	 ('2000-05-20','Всемирный день памяти жертв СПИДа'),
	 ('2000-05-24','День славянской письменности и культуры (День святых Мефодия и Кирилла)'),
	 ('2000-05-31','Всемирный день блондинок'),
	 ('2000-05-30','Всемирный день борьбы с рассеянным склерозом'),
	 ('2000-05-07','День радио'),
	 ('2000-06-01','Всемирный день молока'),
	 ('2000-06-14','Международный день блогера'),
	 ('2000-06-16','Международный день африканского ребенка (День защиты детей Африки)'),
	 ('2000-06-17','День отца'),
	 ('2000-06-21','Всемирный день гидрографии'),
	 ('2000-06-23','Международный Олимпийский день'),
	 ('2000-06-25','День дружбы и единения славян'),
	 ('2000-06-02','Международный день очистки водоемов в России'),
	 ('2000-06-09','Международный день архивов'),
	 ('2000-06-15','Всемирный день ветра'),
	 ('2000-06-22','День памяти и скорби — день начала Великой Отечественной войны (1941 год)'),
	 ('2000-06-27','Всемирный день рыболовства'),
	 ('2000-06-18','Всемирный день мотоциклиста'),
	 ('2000-06-20','Всемирный день защиты слонов в зоопарках'),
	 ('2000-06-10','День работников легкой промышленности'),
	 ('2000-07-01','День работников морского и речного флота'),
	 ('2000-07-11','Всемирный день шоколада'),
	 ('2000-07-17','Всемирный день международного уголовного правосудия'),
	 ('2000-07-23','Всемирный день китов и дельфинов'),
	 ('2000-07-26','День эсперанто'),
	 ('2000-07-28','Всемирный день борьбы с гепатитом'),
	 ('2000-07-29','Международный день тигра'),
	 ('2000-07-02','Международный день спортивного журналиста'),
	 ('2000-07-06','Всемирный день поцелуя'),
	 ('2000-07-12','Всемирный день бортпроводника гражданской авиации'),
	 ('2000-07-15','День металлурга'),
	 ('2000-07-22','Международный день бокса'),
	 ('2000-07-27','День системного администратора'),
	 ('2000-07-08','День рыбака'),
	 ('2000-07-20','Международный день шахмат'),
	 ('2000-07-31','Всемирный день рейнджера'),
	 ('2000-07-07','Международный день Днепра'),
	 ('2000-09-01','День знаний'),
	 ('2000-09-03','День труда в США и Канаде'),
	 ('2000-09-16','День работников леса'),
	 ('2000-09-21','Неделя Всемирной акции «Мы чистим мир» («Очистим планету от мусора»)'),
	 ('2000-09-26','Всемирный день контрацепции'),
	 ('2000-09-29','Всемирный день сердца'),
	 ('2000-09-02','День нефтяника'),
	 ('2000-09-09','День памяти жертв фашизма'),
	 ('2000-09-13','Международный военно-исторический фестиваль «Поле Куликово»'),
	 ('2000-09-19','Международный день подражания пиратам'),
	 ('2000-09-22','Всемирный день защиты слонов'),
	 ('2000-09-08','Международный день солидарности журналистов'),
	 ('2000-09-18','Всемирный день мониторинга воды'),
	 ('2000-09-20','Всемирный день бестраншейных технологий'),
	 ('2000-09-24','Международный день караванщика'),
	 ('2000-09-30','Международный день переводчика'),
	 ('2000-09-07','Всемирный день уничтожения военной игрушки'),
	 ('2000-10-01','Всемирный день вегетарианства'),
	 ('2000-10-03','Всемирный день трезвости и борьбы с алкоголизмом'),
	 ('2000-10-04','Всемирный день животных'),
	 ('2000-10-05','Всемирный день улыбки'),
	 ('2000-10-11','Всемирный день зрения'),
	 ('2000-10-14','Всемирный день стандартов'),
	 ('2000-10-16','День Шефа (День Босса)'),
	 ('2000-10-21','День работников пищевой промышленности'),
	 ('2000-10-23','День осведомленности о синдроме кабуки'),
	 ('2000-10-25','Российский День без бумаги'),
	 ('2000-10-26','День святого Дмитрия'),
	 ('2000-10-28','Международный день анимации'),
	 ('2000-10-29','Всемирный день псориаза'),
	 ('2000-10-02','Международный день социального педагога'),
	 ('2000-10-06','Всемирный день охраны мест обитаний'),
	 ('2000-10-12','Всемирный день борьбы с артритом'),
	 ('2000-10-13','День астрономии'),
	 ('2000-10-15','Международный день белой трости'),
	 ('2000-10-22','Международный день школьных библиотек'),
	 ('2000-10-18','Международный день кредитных союзов'),
	 ('2000-10-20','Всемирный день борьбы с остеопорозом'),
	 ('2000-10-31','Хэллоуин — канун Дня всех святых'),
	 ('2000-10-10','Всемирный день борьбы со смертной казнью'),
	 ('2000-10-07','День учителя'),
	 ('2000-11-01','Международный день вегана'),
	 ('2000-11-03','Всемирный день мужчин'),
	 ('2000-11-11','Международный день энергосбережения'),
	 ('2000-11-14','День географических информационных систем (День ГИС)'),
	 ('2000-11-17','Международный день студентов'),
	 ('2000-11-21','Всемирный день приветствий'),
	 ('2000-11-23','Международный день акварели'),
	 ('2000-11-26','Международный день сапожника'),
	 ('2000-11-28','Всемирный день сострадания'),
	 ('2000-11-09','Международный день антиядерных акций'),
	 ('2000-11-12','Всемирный день борьбы с пневмонией'),
	 ('2000-11-13','Международный день слепых'),
	 ('2000-11-15','День отказа от курения'),
	 ('2000-11-19','Международный мужской день'),
	 ('2000-11-22','День сыновей'),
	 ('2000-11-08','Всемирный день юзабилити'),
	 ('2000-11-10','Всемирный день молодежи'),
	 ('2000-11-30','Международный день защиты информации'),
	 ('2000-08-03','День арбуза'),
	 ('2000-08-05','День железнодорожника'),
	 ('2000-08-25','Международная ночь летучих мышей'),
	 ('2000-08-26','День шахтера'),
	 ('2000-08-06','День памяти жертв атомной бомбардировки Хиросимы'),
	 ('2000-08-12','День строителя'),
	 ('2000-08-13','Международный день левшей'),
	 ('2000-08-15','День археолога'),
	 ('2000-08-19','Всемирный день фотографии'),
	 ('2000-08-08','Международный день альпинизма (День альпиниста)'),
	 ('2000-08-18','Всемирный день бездомных животных'),
	 ('2000-08-31','День блога'),
	 ('2000-08-10','Международный день биодизеля'),
	 ('2000-12-03','Всемирный день компьютерной графики'),
	 ('2000-12-04','День заказов подарков и написания писем Деду Морозу'),
	 ('2000-12-11','Международный день танго'),
	 ('2000-12-17','Международный день защиты секс-работников от насилия и жестокости'),
	 ('2000-12-25','Рождество по Новоюлианскому календарю'),
	 ('2000-12-26','День подарков'),
	 ('2000-12-28','Международный день кино'),
	 ('2000-12-02','День 2D-художников'),
	 ('2000-12-15','Международный день чая'),
	 ('2000-12-19','Международный день помощи бедным'),
	 ('2000-12-22','День энергетика'),
	 ('2000-12-08','Международный день художника'),
	 ('2000-12-20','День работника органов безопасности'),
	 ('2000-12-31','День Святого Сильвестра'),
	 ('2000-12-10','Всемирный день футболa');

INSERT INTO holidays_ru_relative (rel_name,dt,holiday_name) VALUES
	 ('Второе воскресенье','2000-03-01','День работников геодезии и картографии'),
	 ('Третье воскресенье','2000-03-01','День работников торговли, бытового обслуживания населения и жилищно-коммунального хозяйства'),
	 ('Первое воскресенье','2000-04-01','День геолога'),
	 ('Второе воскресенье','2000-04-01','День войск противовоздушной обороны (памятный день)'),
	 ('Последнее воскресенье','2000-05-01','День химика'),
	 ('Второе воскресенье','2000-06-01','День работников текстильной и лёгкой промышленности'),
	 ('Третье воскресенье','2000-06-01','День медицинского работника'),
	 ('Предпоследнее воскресенье','2000-06-01','День народных художественных промыслов'),
	 ('Последняя субботa','2000-06-01','День изобретателя и рационализатора'),
	 ('Первое воскресенье','2000-07-01','День работников морского и речного флота'),
	 ('Второе воскресенье','2000-07-01','День рыбака'),
	 ('Второе воскресенье','2000-07-01','День российской почты'),
	 ('Третье воскресенье','2000-07-01','День металлурга'),
	 ('Четвёртая суббота','2000-07-01','День работника торговли'),
	 ('Последняя пятница','2000-07-01','День системного администратора'),
	 ('Последнее воскресенье','2000-07-01','День Военно-Морского Флота (памятный день)'),
	 ('Первое воскресенье','2000-08-01','День железнодорожника'),
	 ('Вторая суббота','2000-08-01','День физкультурника'),
	 ('Второе воскресенье','2000-08-01','День строителя'),
	 ('Третье воскресенье','2000-08-01','День Воздушного Флота России'),
	 ('Последнее воскресенье','2000-08-01','День шахтёра'),
	 ('Первое воскресенье','2000-09-01','День работников нефтяной и газовой промышленности'),
	 ('Второе воскресенье','2000-09-01','День танкиста'),
	 ('Третье воскресенье','2000-09-01','День работников леса и лесоперерабатывающей промышленности'),
	 ('Последнее воскресенье','2000-09-01','День машиностроителя'),
	 ('Второе воскресенье','2000-10-01','День работника сельского хозяйства и перерабатывающей промышленности'),
	 ('Третье воскресенье','2000-10-01','День отца'),
	 ('Третье воскресенье ','2000-10-01','День работников дорожного хозяйства'),
	 ('Последнее воскресенье','2000-10-01','День автомобилиста'),
	 ('Последнее воскресенье','2000-11-01','День матери (праздничный день)');
